coding-interview-university;https://github.com/jwasham/coding-interview-university;189869
vue;https://github.com/vuejs/vue;186965
react;https://github.com/facebook/react;173086
developer-roadmap;https://github.com/kamranahmedse/developer-roadmap;168686
tensorflow;https://github.com/tensorflow/tensorflow;158463
public-apis;https://github.com/public-apis/public-apis;149315
CS-Notes;https://github.com/CyC2018/CS-Notes;136862
ohmyzsh;https://github.com/ohmyzsh/ohmyzsh;131772
javascript-algorithms;https://github.com/trekhleb/javascript-algorithms;117461
linux;https://github.com/torvalds/linux;116465
Python;https://github.com/TheAlgorithms/Python;114266
javascript;https://github.com/airbnb/javascript;113108
JavaGuide;https://github.com/Snailclimb/JavaGuide;109266
awesome-python;https://github.com/vinta/awesome-python;101816
react-native;https://github.com/facebook/react-native;97251
fucking-algorithm;https://github.com/labuladong/fucking-algorithm;94589
create-react-app;https://github.com/facebook/create-react-app;89689
go;https://github.com/golang/go;88845
30-seconds-of-code;https://github.com/30-seconds/30-seconds-of-code;81906
deno;https://github.com/denoland/deno;77304
angular;https://github.com/angular/angular;75768
ant-design;https://github.com/ant-design/ant-design;73816
animate.css;https://github.com/animate-css/animate.css;71846
models;https://github.com/tensorflow/models;70942
vue-element-admin;https://github.com/PanJiaChen/vue-element-admin;70022
LeetCodeAnimation;https://github.com/MisterBooo/LeetCodeAnimation;66433
laravel;https://github.com/laravel/laravel;66268
awesome-selfhosted;https://github.com/awesome-selfhosted/awesome-selfhosted;62356
awesome-vue;https://github.com/vuejs/awesome-vue;61829
realworld;https://github.com/gothinkster/realworld;59667
angular.js;https://github.com/angular/angular.js;59594
PowerToys;https://github.com/microsoft/PowerToys;58758
rust;https://github.com/rust-lang/rust;57840
FiraCode;https://github.com/tonsky/FiraCode;57707
reveal.js;https://github.com/hakimel/reveal.js;56974
swift;https://github.com/apple/swift;56945
spring-boot;https://github.com/spring-projects/spring-boot;56717
redux;https://github.com/reduxjs/redux;56498
bitcoin;https://github.com/bitcoin/bitcoin;56433
flask;https://github.com/pallets/flask;56341
tech-interview-handbook;https://github.com/yangshun/tech-interview-handbook;56139
elasticsearch;https://github.com/elastic/elasticsearch;56084
atom;https://github.com/atom/atom;55896
json-server;https://github.com/typicode/json-server;55743
netdata;https://github.com/netdata/netdata;55602
clean-code-javascript;https://github.com/ryanmcdermott/clean-code-javascript;55488
project-based-learning;https://github.com/tuvtran/project-based-learning;54663
shadowsocks-windows;https://github.com/shadowsocks/shadowsocks-windows;52760
keras;https://github.com/keras-team/keras;52147
mall;https://github.com/macrozheng/mall;51776
gatsby;https://github.com/gatsbyjs/gatsby;51075
awesome-machine-learning;https://github.com/josephmisiti/awesome-machine-learning;51064
nvm;https://github.com/nvm-sh/nvm;50735
redis;https://github.com/redis/redis;50619
lodash;https://github.com/lodash/lodash;50402
protobuf;https://github.com/protocolbuffers/protobuf;50145
transformers;https://github.com/huggingface/transformers;50032
Front-end-Developer-Interview-Questions;https://github.com/h5bp/Front-end-Developer-Interview-Questions;50003
rails;https://github.com/rails/rails;48856
nocode;https://github.com/kelseyhightower/nocode;48504
free-for-dev;https://github.com/ripienaar/free-for-dev;48472
echarts;https://github.com/apache/echarts;47459
the-book-of-secret-knowledge;https://github.com/trimstray/the-book-of-secret-knowledge;47438
code-server;https://github.com/cdr/code-server;47232
papers-we-love;https://github.com/papers-we-love/papers-we-love;46914
scikit-learn;https://github.com/scikit-learn/scikit-learn;46822
moment;https://github.com/moment/moment;45910
tailwindcss;https://github.com/tailwindlabs/tailwindcss;45737
DeepLearning-500-questions;https://github.com/scutan90/DeepLearning-500-questions;45611
awesome-public-datasets;https://github.com/awesomedata/awesome-public-datasets;45504
awesome-mac;https://github.com/jaywcjlove/awesome-mac;45146
ionic-framework;https://github.com/ionic-team/ionic-framework;45062
RxJava;https://github.com/ReactiveX/RxJava;45054
awesome-react;https://github.com/enaqx/awesome-react;44784
react-router;https://github.com/remix-run/react-router;43778
leetcode;https://github.com/azl397985856/leetcode;43621
material-design-icons;https://github.com/google/material-design-icons;43585
grafana;https://github.com/grafana/grafana;43412
jekyll;https://github.com/jekyll/jekyll;43160
33-js-concepts;https://github.com/leonardomso/33-js-concepts;43073
meteor;https://github.com/meteor/meteor;42560
scrapy;https://github.com/scrapy/scrapy;41323
awesome-android-ui;https://github.com/wasabeef/awesome-android-ui;41106
serverless;https://github.com/serverless/serverless;40507
prettier;https://github.com/prettier/prettier;40318
Java;https://github.com/TheAlgorithms/Java;40122
anime;https://github.com/juliangarnier/anime;40095
nest;https://github.com/nestjs/nest;39660
architecture-samples;https://github.com/android/architecture-samples;39275
AdminLTE;https://github.com/ColorlibHQ/AdminLTE;39270
git;https://github.com/git/git;38977
parcel;https://github.com/parcel-bundler/parcel;38775
learn-regex;https://github.com/ziishaned/learn-regex;38568
kotlin;https://github.com/JetBrains/kotlin;38411
prometheus;https://github.com/prometheus/prometheus;38329
nw.js;https://github.com/nwjs/nw.js;38312
iptv;https://github.com/iptv-org/iptv;38265
Ghost;https://github.com/TryGhost/Ghost;38184
faceswap;https://github.com/deepfakes/faceswap;38054
awesome-courses;https://github.com/prakhar1989/awesome-courses;37873
nocode;https://github.com/kelseyhightower/nocode;48504
free-for-dev;https://github.com/ripienaar/free-for-dev;48472
frp;https://github.com/fatedier/frp;47615
papers-we-love;https://github.com/papers-we-love/papers-we-love;46914
scikit-learn;https://github.com/scikit-learn/scikit-learn;46822
neovim;https://github.com/neovim/neovim;46369
HelloGitHub;https://github.com/521xueweihan/HelloGitHub;45935
moment;https://github.com/moment/moment;45910
requests;https://github.com/psf/requests;45815
tailwindcss;https://github.com/tailwindlabs/tailwindcss;45737
DeepLearning-500-questions;https://github.com/scutan90/DeepLearning-500-questions;45611
awesome-public-datasets;https://github.com/awesomedata/awesome-public-datasets;45504
Awesome-Hacking;https://github.com/Hack-with-Github/Awesome-Hacking;45452
core;https://github.com/home-assistant/core;45153
awesome-mac;https://github.com/jaywcjlove/awesome-mac;45146
ionic-framework;https://github.com/ionic-team/ionic-framework;45062
RxJava;https://github.com/ReactiveX/RxJava;45054
normalize.css;https://github.com/necolas/normalize.css;44971
every-programmer-should-know;https://github.com/mtdvio/every-programmer-should-know;44917
awesome-react;https://github.com/enaqx/awesome-react;44784
bulma;https://github.com/jgthms/bulma;44072
react-router;https://github.com/remix-run/react-router;43778
app-ideas;https://github.com/florinpop17/app-ideas;43623
leetcode;https://github.com/azl397985856/leetcode;43621
grafana;https://github.com/grafana/grafana;43412
jekyll;https://github.com/jekyll/jekyll;43160
33-js-concepts;https://github.com/leonardomso/33-js-concepts;43073
meteor;https://github.com/meteor/meteor;42560
awesome-nodejs;https://github.com/sindresorhus/awesome-nodejs;42063
awesome-interview-questions;https://github.com/DopplerHQ/awesome-interview-questions;42050
guava;https://github.com/google/guava;42045
hacker-scripts;https://github.com/NARKOZ/hacker-scripts;41654
Best-websites-a-programmer-should-visit;https://github.com/sdmg15/Best-websites-a-programmer-should-visit;41628
tesseract;https://github.com/tesseract-ocr/tesseract;41438
you-get;https://github.com/soimort/you-get;41364
scrapy;https://github.com/scrapy/scrapy;41323
godot;https://github.com/godotengine/godot;41113
awesome-android-ui;https://github.com/wasabeef/awesome-android-ui;41106
face_recognition;https://github.com/ageitgey/face_recognition;41083
big-list-of-naughty-strings;https://github.com/minimaxir/big-list-of-naughty-strings;41029
TensorFlow-Examples;https://github.com/aymericdamien/TensorFlow-Examples;41008
okhttp;https://github.com/square/okhttp;40617
serverless;https://github.com/serverless/serverless;40507
prettier;https://github.com/prettier/prettier;40318
Java;https://github.com/TheAlgorithms/Java;40122
anime;https://github.com/juliangarnier/anime;40095
superset;https://github.com/apache/superset;39993
syncthing;https://github.com/syncthing/syncthing;39670
cpython;https://github.com/python/cpython;39630
babel;https://github.com/babel/babel;39504
architecture-samples;https://github.com/android/architecture-samples;39275
AdminLTE;https://github.com/ColorlibHQ/AdminLTE;39270
git;https://github.com/git/git;38977
strapi;https://github.com/strapi/strapi;38951
parcel;https://github.com/parcel-bundler/parcel;38775
materialize;https://github.com/Dogfalo/materialize;38584
learn-regex;https://github.com/ziishaned/learn-regex;38568
fzf;https://github.com/junegunn/fzf;38530
kotlin;https://github.com/JetBrains/kotlin;38411
build-web-application-with-golang;https://github.com/astaxie/build-web-application-with-golang;38393
prometheus;https://github.com/prometheus/prometheus;38329
nw.js;https://github.com/nwjs/nw.js;38312
iptv;https://github.com/iptv-org/iptv;38265
Ghost;https://github.com/TryGhost/Ghost;38184
faceswap;https://github.com/deepfakes/faceswap;38054
v2ray-core;https://github.com/v2ray/v2ray-core;37899
awesome-courses;https://github.com/prakhar1989/awesome-courses;37873
gogs;https://github.com/gogs/gogs;37503
nuxt.js;https://github.com/nuxt/nuxt.js;37457
mermaid;https://github.com/mermaid-js/mermaid;37296
x64dbg;https://github.com/x64dbg/x64dbg;37210
javascript-questions;https://github.com/lydiahallie/javascript-questions;37076
git-flight-rules;https://github.com/k88hudson/git-flight-rules;37027
awesome-flutter;https://github.com/Solido/awesome-flutter;37024
vue2-elm;https://github.com/bailicangdu/vue2-elm;36657
hyper;https://github.com/vercel/hyper;36533
manim;https://github.com/3b1b/manim;36496
impress.js;https://github.com/impress/impress.js;36390
Projects;https://github.com/karan/Projects;36208
Alamofire;https://github.com/Alamofire/Alamofire;36148
jest;https://github.com/facebook/jest;36115
julia;https://github.com/JuliaLang/julia;35819
pdf.js;https://github.com/mozilla/pdf.js;35788
awesome-wechat-weapp;https://github.com/justjavac/awesome-wechat-weapp;35720
awesome-scalability;https://github.com/binhnguyennus/awesome-scalability;35462
pm2;https://github.com/Unitech/pm2;35392
DefinitelyTyped;https://github.com/DefinitelyTyped/DefinitelyTyped;35248
algorithm-visualizer;https://github.com/algorithm-visualizer/algorithm-visualizer;35205
node-v0.x-archive;https://github.com/nodejs/node-v0.x-archive;34853
fastapi;https://github.com/tiangolo/fastapi;34768
traefik;https://github.com/traefik/traefik;34716
caddy;https://github.com/caddyserver/caddy;34279
alacritty;https://github.com/alacritty/alacritty;34175
awesome-for-beginners;https://github.com/MunGell/awesome-for-beginners;34029
tldr;https://github.com/tldr-pages/tldr;33998
pixijs;https://github.com/pixijs/pixijs;33920
chinese-poetry;https://github.com/chinese-poetry/chinese-poetry;33891
discourse;https://github.com/discourse/discourse;33838
MPAndroidChart;https://github.com/PhilJay/MPAndroidChart;33810
brackets;https://github.com/adobe/brackets;33712
chinese-poetry;https://github.com/chinese-poetry/chinese-poetry;33891
discourse;https://github.com/discourse/discourse;33838
MPAndroidChart;https://github.com/PhilJay/MPAndroidChart;33810
brackets;https://github.com/adobe/brackets;33712
localstack;https://github.com/localstack/localstack;33551
edex-ui;https://github.com/GitSquared/edex-ui;33412
hexo;https://github.com/hexojs/hexo;33260
AFNetworking;https://github.com/AFNetworking/AFNetworking;33213
faker.js;https://github.com/Marak/faker.js;33192
slate;https://github.com/slatedocs/slate;32986
SecLists;https://github.com/danielmiessler/SecLists;32979
uni-app;https://github.com/dcloudio/uni-app;32923
awesome-cpp;https://github.com/fffaraz/awesome-cpp;32845
funNLP;https://github.com/fighting41love/funNLP;32823
fastlane;https://github.com/fastlane/fastlane;32746
100-Days-Of-ML-Code;https://github.com/Avik-Jain/100-Days-Of-ML-Code;32694
github-cheat-sheet;https://github.com/tiimgreen/github-cheat-sheet;32605
fullPage.js;https://github.com/alvarotrigo/fullPage.js;32455
gulp;https://github.com/gulpjs/gulp;32297
Web-Dev-For-Beginners;https://github.com/microsoft/Web-Dev-For-Beginners;32158
pi-hole;https://github.com/pi-hole/pi-hole;32144
hackathon-starter;https://github.com/sahat/hackathon-starter;32100
huginn;https://github.com/huginn/huginn;32052
interview_internal_reference;https://github.com/0voice/interview_internal_reference;32038
video.js;https://github.com/videojs/video.js;31875
go-ethereum;https://github.com/ethereum/go-ethereum;31874
frontend-dev-bookmarks;https://github.com/dypsilon/frontend-dev-bookmarks;31871
caffe;https://github.com/BVLC/caffe;31852
material-design-lite;https://github.com/google/material-design-lite;31847
shadowsocks-android;https://github.com/shadowsocks/shadowsocks-android;31748
lottie-android;https://github.com/airbnb/lottie-android;31612
glide;https://github.com/bumptech/glide;31579
koa;https://github.com/koajs/koa;31570
CppCoreGuidelines;https://github.com/isocpp/CppCoreGuidelines;31537
grpc;https://github.com/grpc/grpc;31518
design-resources-for-developers;https://github.com/bradtraversy/design-resources-for-developers;31500
Leaflet;https://github.com/Leaflet/Leaflet;31438
design-patterns-for-humans;https://github.com/kamranahmedse/design-patterns-for-humans;31406
mkcert;https://github.com/FiloSottile/mkcert;31360
immutable-js;https://github.com/immutable-js/immutable-js;31266
php-src;https://github.com/php/php-src;31137
imgui;https://github.com/ocornut/imgui;31133
jQuery-File-Upload;https://github.com/blueimp/jQuery-File-Upload;31070
front-end-interview-handbook;https://github.com/yangshun/front-end-interview-handbook;31067
clipboard.js;https://github.com/zenorocha/clipboard.js;31052
XX-Net;https://github.com/XX-net/XX-Net;30790
AiLearning;https://github.com/apachecn/AiLearning;30781
pandas;https://github.com/pandas-dev/pandas;30711
android-open-project;https://github.com/Trinea/android-open-project;30696
quill;https://github.com/quilljs/quill;30617
spark;https://github.com/apache/spark;30570
what-happens-when;https://github.com/alex/what-happens-when;30557
hoppscotch;https://github.com/hoppscotch/hoppscotch;30553
new-pac;https://github.com/Alvin9999/new-pac;30515
PythonDataScienceHandbook;https://github.com/jakevdp/PythonDataScienceHandbook;30468
Rocket.Chat;https://github.com/RocketChat/Rocket.Chat;30466
vite;https://github.com/vitejs/vite;30444
obs-studio;https://github.com/obsproject/obs-studio;30335
phaser;https://github.com/photonstorm/phaser;30205
awesome-react-native;https://github.com/jondot/awesome-react-native;30156
trackerslist;https://github.com/ngosang/trackerslist;30104
12306;https://github.com/testerSunshine/12306;30072
og-aws;https://github.com/open-guides/og-aws;29921
kong;https://github.com/Kong/kong;29916
ant-design-pro;https://github.com/ant-design/ant-design-pro;29875
ShadowsocksX-NG;https://github.com/shadowsocks/ShadowsocksX-NG;29679
preact;https://github.com/preactjs/preact;29674
awesome-java;https://github.com/akullpp/awesome-java;29670
lerna;https://github.com/lerna/lerna;29475
taro;https://github.com/NervJS/taro;29417
gold-miner;https://github.com/xitu/gold-miner;29345
foundation-sites;https://github.com/foundation/foundation-sites;29089
python-patterns;https://github.com/faif/python-patterns;29014
minio;https://github.com/minio/minio;28944
bat;https://github.com/sharkdp/bat;28882
bert;https://github.com/google-research/bert;28841
brew;https://github.com/Homebrew/brew;28800
github-readme-stats;https://github.com/anuraghazra/github-readme-stats;28785
PowerShell;https://github.com/PowerShell/PowerShell;28778
sentry;https://github.com/getsentry/sentry;28761
tidb;https://github.com/pingcap/tidb;28746
HEAD;https://github.com/joshbuchea/HEAD;28700
PayloadsAllTheThings;https://github.com/swisskyrepo/PayloadsAllTheThings;28657
openpilot;https://github.com/commaai/openpilot;28606
es6features;https://github.com/lukehoban/es6features;28593
terraform;https://github.com/hashicorp/terraform;28586
Real-Time-Voice-Cloning;https://github.com/CorentinJ/Real-Time-Voice-Cloning;28574
phantomjs;https://github.com/ariya/phantomjs;28483
styleguide;https://github.com/google/styleguide;28472
ghidra;https://github.com/NationalSecurityAgency/ghidra;28385
rclone;https://github.com/rclone/rclone;28382
carbon;https://github.com/carbon-app/carbon;28373
nativefier;https://github.com/nativefier/nativefier;28297
vue-cli;https://github.com/vuejs/vue-cli;28263
zxing;https://github.com/zxing/zxing;28232
certbot;https://github.com/certbot/certbot;28204
swiper;https://github.com/nolimits4web/swiper;28183
DeepFaceLab;https://github.com/iperov/DeepFaceLab;28044
hello-algorithm;https://github.com/geekxh/hello-algorithm;28036
formik;https://github.com/formium/formik;27993
ghidra;https://github.com/NationalSecurityAgency/ghidra;28385
rclone;https://github.com/rclone/rclone;28382
carbon;https://github.com/carbon-app/carbon;28373
nativefier;https://github.com/nativefier/nativefier;28297
vue-cli;https://github.com/vuejs/vue-cli;28263
zxing;https://github.com/zxing/zxing;28232
certbot;https://github.com/certbot/certbot;28204
swiper;https://github.com/nolimits4web/swiper;28183
rich;https://github.com/willmcgugan/rich;28170
DeepFaceLab;https://github.com/iperov/DeepFaceLab;28044
hello-algorithm;https://github.com/geekxh/hello-algorithm;28036
formik;https://github.com/formium/formik;27993
open-source-ios-apps;https://github.com/dkhamsing/open-source-ios-apps;27956
awesome-awesomeness;https://github.com/bayandin/awesome-awesomeness;27895
kubernetes-the-hard-way;https://github.com/kelseyhightower/kubernetes-the-hard-way;27815
react-boilerplate;https://github.com/react-boilerplate/react-boilerplate;27812
backbone;https://github.com/jashkenas/backbone;27795
iina;https://github.com/iina/iina;27751
awesome-react-components;https://github.com/brillout/awesome-react-components;27739
MadeWithML;https://github.com/GokuMohandas/MadeWithML;27659
pure-bash-bible;https://github.com/dylanaraps/pure-bash-bible;27521
legacy-homebrew;https://github.com/Homebrew/legacy-homebrew;27490
android_guides;https://github.com/codepath/android_guides;27481
todomvc;https://github.com/tastejs/todomvc;27476
netty;https://github.com/netty/netty;27362
Motrix;https://github.com/agalwood/Motrix;27296
react;https://github.com/typescript-cheatsheets/react;27246
async;https://github.com/caolan/async;27245
COVID-19;https://github.com/CSSEGISandData/COVID-19;27234
tutorials;https://github.com/eugenp/tutorials;27191
dive;https://github.com/wagoodman/dive;27167
programmer-job-blacklist;https://github.com/shengxinjing/programmer-job-blacklist;27162
wtfpython;https://github.com/satwikkansal/wtfpython;27111
sheetjs;https://github.com/SheetJS/sheetjs;27013
slick;https://github.com/kenwheeler/slick;26992
955.WLB;https://github.com/formulahendry/955.WLB;26971
500lines;https://github.com/aosabook/500lines;26897
jadx;https://github.com/skylot/jadx;26855
JavaFamily;https://github.com/AobingJava/JavaFamily;26843
jieba;https://github.com/fxsjy/jieba;26832
arthas;https://github.com/alibaba/arthas;26817
beego;https://github.com/beego/beego;26815
ripgrep;https://github.com/BurntSushi/ripgrep;26790
playwright;https://github.com/microsoft/playwright;26746
dotfiles;https://github.com/mathiasbynens/dotfiles;26735
open-source-mac-os-apps;https://github.com/serhii-londar/open-source-mac-os-apps;26685
cheat.sh;https://github.com/chubin/cheat.sh;26674
vuex;https://github.com/vuejs/vuex;26647
the-way-to-go_ZH_CN;https://github.com/unknwon/the-way-to-go_ZH_CN;26645
date-fns;https://github.com/date-fns/date-fns;26611
esbuild;https://github.com/evanw/esbuild;26581
leakcanary;https://github.com/square/leakcanary;26540
sherlock;https://github.com/sherlock-project/sherlock;26356
devdocs;https://github.com/freeCodeCamp/devdocs;26321
JCSprout;https://github.com/crossoverJie/JCSprout;26319
leveldb;https://github.com/google/leveldb;26130
underscore;https://github.com/jashkenas/underscore;26082
spring-boot-examples;https://github.com/ityouknow/spring-boot-examples;26069
Faker;https://github.com/fzaninotto/Faker;26005
p3c;https://github.com/alibaba/p3c;25944
docusaurus;https://github.com/facebook/docusaurus;25942
uBlock;https://github.com/gorhill/uBlock;25935
weui;https://github.com/Tencent/weui;25845
project-layout;https://github.com/golang-standards/project-layout;25787
FFmpeg;https://github.com/FFmpeg/FFmpeg;25775
hangzhou_house_knowledge;https://github.com/houshanren/hangzhou_house_knowledge;25765
gitea;https://github.com/go-gitea/gitea;25762
metabase;https://github.com/metabase/metabase;25760
monaco-editor;https://github.com/microsoft/monaco-editor;25735
butterknife;https://github.com/JakeWharton/butterknife;25730
shellcheck;https://github.com/koalaman/shellcheck;25715
json;https://github.com/nlohmann/json;25670
symfony;https://github.com/symfony/symfony;25648
awesome-php;https://github.com/ziadoz/awesome-php;25624
marked;https://github.com/markedjs/marked;25588
awesome-macos-command-line;https://github.com/herrbischoff/awesome-macos-command-line;25507
composer;https://github.com/composer/composer;25488
aspnetcore;https://github.com/dotnet/aspnetcore;25432
rxjs;https://github.com/ReactiveX/rxjs;25400
project-guidelines;https://github.com/elsewhencode/project-guidelines;25366
awesome-javascript;https://github.com/sorrycc/awesome-javascript;25355
typeorm;https://github.com/typeorm/typeorm;25320
machine-learning-for-software-engineers;https://github.com/ZuzooVn/machine-learning-for-software-engineers;25283
swift-algorithm-club;https://github.com/raywenderlich/swift-algorithm-club;25276
request;https://github.com/request/request;25256
gitflow;https://github.com/nvie/gitflow;25202
drawio;https://github.com/jgraph/drawio;25198
d2l-zh;https://github.com/d2l-ai/d2l-zh;25190
vimrc;https://github.com/amix/vimrc;25092
v;https://github.com/vlang/v;25070
select2;https://github.com/select2/select2;25052
Modernizr;https://github.com/Modernizr/Modernizr;25019
gym;https://github.com/openai/gym;24988
postcss;https://github.com/postcss/postcss;24958
lottie-web;https://github.com/airbnb/lottie-web;24910
fetch;https://github.com/github/fetch;24907
python-cheatsheet;https://github.com/gto76/python-cheatsheet;24899
rethinkdb;https://github.com/rethinkdb/rethinkdb;24895
gorm;https://github.com/go-gorm/gorm;24846
metasploit-framework;https://github.com/rapid7/metasploit-framework;24844
symfony;https://github.com/symfony/symfony;25648
awesome-php;https://github.com/ziadoz/awesome-php;25624
marked;https://github.com/markedjs/marked;25588
awesome-macos-command-line;https://github.com/herrbischoff/awesome-macos-command-line;25507
composer;https://github.com/composer/composer;25488
aspnetcore;https://github.com/dotnet/aspnetcore;25432
rxjs;https://github.com/ReactiveX/rxjs;25400
proxyee-down;https://github.com/proxyee-down-org/proxyee-down;25390
project-guidelines;https://github.com/elsewhencode/project-guidelines;25366
awesome-javascript;https://github.com/sorrycc/awesome-javascript;25355
typeorm;https://github.com/typeorm/typeorm;25320
machine-learning-for-software-engineers;https://github.com/ZuzooVn/machine-learning-for-software-engineers;25283
swift-algorithm-club;https://github.com/raywenderlich/swift-algorithm-club;25276
request;https://github.com/request/request;25256
apollo;https://github.com/ctripcorp/apollo;25243
gitflow;https://github.com/nvie/gitflow;25202
drawio;https://github.com/jgraph/drawio;25198
d2l-zh;https://github.com/d2l-ai/d2l-zh;25190
vimrc;https://github.com/amix/vimrc;25092
v;https://github.com/vlang/v;25070
select2;https://github.com/select2/select2;25052
Modernizr;https://github.com/Modernizr/Modernizr;25019
gym;https://github.com/openai/gym;24988
postcss;https://github.com/postcss/postcss;24958
lottie-web;https://github.com/airbnb/lottie-web;24910
fetch;https://github.com/github/fetch;24907
python-cheatsheet;https://github.com/gto76/python-cheatsheet;24899
rethinkdb;https://github.com/rethinkdb/rethinkdb;24895
gorm;https://github.com/go-gorm/gorm;24846
metasploit-framework;https://github.com/rapid7/metasploit-framework;24844
sequelize;https://github.com/sequelize/sequelize;24824
Hover;https://github.com/IanLunn/Hover;24822
angular-cli;https://github.com/angular/angular-cli;24753
joplin;https://github.com/laurent22/joplin;24693
framework;https://github.com/laravel/framework;24653
nylas-mail;https://github.com/nylas/nylas-mail;24614
mastodon;https://github.com/mastodon/mastodon;24603
react-use;https://github.com/streamich/react-use;24582
Detectron;https://github.com/facebookresearch/Detectron;24569
tesseract.js;https://github.com/naptha/tesseract.js;24538
react-beautiful-dnd;https://github.com/atlassian/react-beautiful-dnd;24533
vim;https://github.com/vim/vim;24509
particles.js;https://github.com/VincentGarreau/particles.js;24504
Charts;https://github.com/danielgindi/Charts;24497
jeecg-boot;https://github.com/jeecgboot/jeecg-boot;24454
webtorrent;https://github.com/webtorrent/webtorrent;24397
uppy;https://github.com/transloadit/uppy;24370
cli;https://github.com/cli/cli;24367
druid;https://github.com/alibaba/druid;24353
vue-next;https://github.com/vuejs/vue-next;24310
pyenv;https://github.com/pyenv/pyenv;24288
mitmproxy;https://github.com/mitmproxy/mitmproxy;24283
vim-plug;https://github.com/junegunn/vim-plug;24278
angular-styleguide;https://github.com/johnpapa/angular-styleguide;24173
ResumeSample;https://github.com/geekcompany/ResumeSample;24146
html2canvas;https://github.com/niklasvh/html2canvas;24125
cheerio;https://github.com/cheeriojs/cheerio;24107
mobx;https://github.com/mobxjs/mobx;24085
libpku;https://github.com/lib-pku/libpku;24015
layui;https://github.com/sentsin/layui;23960
Ventoy;https://github.com/ventoy/Ventoy;23941
tabler;https://github.com/tabler/tabler;23934
cs-video-courses;https://github.com/Developer-Y/cs-video-courses;23918
Daily-Interview-Question;https://github.com/Advanced-Frontend/Daily-Interview-Question;23898
gitbook;https://github.com/GitbookIO/gitbook;23894
iview;https://github.com/iview/iview;23855
Blog;https://github.com/mqyqingfeng/Blog;23854
graphql-engine;https://github.com/hasura/graphql-engine;23799
husky;https://github.com/typicode/husky;23792
drone;https://github.com/drone/drone;23723
SDWebImage;https://github.com/SDWebImage/SDWebImage;23702
fastjson;https://github.com/alibaba/fastjson;23670
aria2;https://github.com/aria2/aria2;23643
EventBus;https://github.com/greenrobot/EventBus;23545
Python;https://github.com/geekcomputers/Python;23523
HanLP;https://github.com/hankcs/HanLP;23488
Probabilistic-Programming-and-Bayesian-Methods-for-Hackers;https://github.com/CamDavidsonPilon/Probabilistic-Programming-and-Bayesian-Methods-for-Hackers;23484
googletest;https://github.com/google/googletest;23452
python-guide;https://github.com/realpython/python-guide;23443
ace;https://github.com/ajaxorg/ace;23437
linux-insides;https://github.com/0xAX/linux-insides;23414
interactive-coding-challenges;https://github.com/donnemartin/interactive-coding-challenges;23412
CodeHub;https://github.com/CodeHubApp/CodeHub;23345
Awesome-Design-Tools;https://github.com/goabstract/Awesome-Design-Tools;23295
CodeMirror;https://github.com/codemirror/CodeMirror;23277
lighthouse;https://github.com/GoogleChrome/lighthouse;23262
handson-ml;https://github.com/ageron/handson-ml;23234
pandoc;https://github.com/jgm/pandoc;23216
nprogress;https://github.com/rstacruz/nprogress;23211
compose;https://github.com/docker/compose;23175
YouCompleteMe;https://github.com/ycm-core/YouCompleteMe;23164
awesome-deep-learning-papers;https://github.com/terryum/awesome-deep-learning-papers;23160
react-select;https://github.com/JedWatson/react-select;23155
acme.sh;https://github.com/acmesh-official/acme.sh;23151
wtfjs;https://github.com/denysdovhan/wtfjs;23027
mongoose;https://github.com/Automattic/mongoose;23026
spring-boot-demo;https://github.com/xkcoding/spring-boot-demo;23011
Sortable;https://github.com/SortableJS/Sortable;22979
ngx-admin;https://github.com/akveo/ngx-admin;22921
SmartRefreshLayout;https://github.com/scwang90/SmartRefreshLayout;22875
fastText;https://github.com/facebookresearch/fastText;22850
nodemon;https://github.com/remy/nodemon;22846
airflow;https://github.com/apache/airflow;22802
cmder;https://github.com/cmderdev/cmder;22799
flutter-go;https://github.com/alibaba/flutter-go;22780
cobra;https://github.com/spf13/cobra;22773
hiring-without-whiteboards;https://github.com/poteto/hiring-without-whiteboards;22767
awesome-python-cn;https://github.com/jobbole/awesome-python-cn;22730
gitlabhq;https://github.com/gitlabhq/gitlabhq;22686
consul;https://github.com/hashicorp/consul;22683
Coursera-ML-AndrewNg-Notes;https://github.com/fengdu78/Coursera-ML-AndrewNg-Notes;22639
jsPDF;https://github.com/MrRio/jsPDF;22590
react-hook-form;https://github.com/react-hook-form/react-hook-form;22574
calculator;https://github.com/microsoft/calculator;22558
streisand;https://github.com/StreisandEffect/streisand;22513
hammer.js;https://github.com/hammerjs/hammer.js;22508
Vundle.vim;https://github.com/VundleVim/Vundle.vim;22488
vagrant;https://github.com/hashicorp/vagrant;22445
the_silver_searcher;https://github.com/ggreer/the_silver_searcher;22409
excalidraw;https://github.com/excalidraw/excalidraw;22295
react-virtualized;https://github.com/bvaughn/react-virtualized;22272
tmux;https://github.com/tmux/tmux;22192
pipenv;https://github.com/pypa/pipenv;22187
odoo;https://github.com/odoo/odoo;22181
BaseRecyclerViewAdapterHelper;https://github.com/CymChad/BaseRecyclerViewAdapterHelper;22170
zju-icicles;https://github.com/QSCTech/zju-icicles;22147
chosen;https://github.com/harvesthq/chosen;22139
learnGitBranching;https://github.com/pcottle/learnGitBranching;22118
yapi;https://github.com/YMFE/yapi;22114
vhr;https://github.com/lenve/vhr;22109
fonts;https://github.com/powerline/fonts;22052
react-query;https://github.com/tannerlinsley/react-query;22045
black;https://github.com/psf/black;22011
sails;https://github.com/balderdashy/sails;22004
fanqiang;https://github.com/bannedbook/fanqiang;21972
ember.js;https://github.com/emberjs/ember.js;21960
slate;https://github.com/ianstormtaylor/slate;21959
awesome-shell;https://github.com/alebcay/awesome-shell;21946
v2rayN;https://github.com/2dust/v2rayN;21945
influxdb;https://github.com/influxdata/influxdb;21943
lottie-ios;https://github.com/airbnb/lottie-ios;21893
pure;https://github.com/pure-css/pure;21845
Hystrix;https://github.com/Netflix/Hystrix;21841
awesome-electron;https://github.com/sindresorhus/awesome-electron;21840
devise;https://github.com/heartcombo/devise;21833
redux-saga;https://github.com/redux-saga/redux-saga;21787
waifu2x;https://github.com/nagadomi/waifu2x;21773
sweetalert;https://github.com/t4t5/sweetalert;21754
OpenAPI-Specification;https://github.com/OAI/OpenAPI-Specification;21750
dokku;https://github.com/dokku/dokku;21749
dbeaver;https://github.com/dbeaver/dbeaver;21720
blog;https://github.com/fouber/blog;21712
polymer;https://github.com/Polymer/polymer;21668
spacemacs;https://github.com/syl20bnr/spacemacs;21663
components;https://github.com/angular/components;21659
ItChat;https://github.com/littlecodersh/ItChat;21648
django-rest-framework;https://github.com/encode/django-rest-framework;21643
openpose;https://github.com/CMU-Perceptual-Computing-Lab/openpose;21638
vault;https://github.com/hashicorp/vault;21612
docz;https://github.com/doczjs/docz;21589
curl;https://github.com/curl/curl;21566
pytorch-tutorial;https://github.com/yunjey/pytorch-tutorial;21548
minikube;https://github.com/kubernetes/minikube;21532
modern-js-cheatsheet;https://github.com/mbeaudru/modern-js-cheatsheet;21481
awesome-cheatsheets;https://github.com/LeCoupa/awesome-cheatsheets;21475
awesome-sysadmin;https://github.com/kahun/awesome-sysadmin;21473
octotree;https://github.com/ovity/octotree;21472
data-science-ipython-notebooks;https://github.com/donnemartin/data-science-ipython-notebooks;21458
xgboost;https://github.com/dmlc/xgboost;21442
os-tutorial;https://github.com/cfenollosa/os-tutorial;21441
wepy;https://github.com/Tencent/wepy;21428
cockroach;https://github.com/cockroachdb/cockroach;21420
mdb-ui-kit;https://github.com/mdbootstrap/mdb-ui-kit;21410
selenium;https://github.com/SeleniumHQ/selenium;21401
awesome-rust;https://github.com/rust-unofficial/awesome-rust;21340
flow;https://github.com/facebook/flow;21336
miaosha;https://github.com/qiurunze123/miaosha;21308
toBeTopJavaer;https://github.com/hollischuang/toBeTopJavaer;21305
algo;https://github.com/trailofbits/algo;21286
fastai;https://github.com/fastai/fastai;21285
react-redux;https://github.com/reduxjs/react-redux;21276
SpringAll;https://github.com/wuyouzhuguli/SpringAll;21251
darknet;https://github.com/pjreddie/darknet;21251
PhotoSwipe;https://github.com/dimsemenov/PhotoSwipe;21223
react-native-elements;https://github.com/react-native-elements/react-native-elements;21134
hub;https://github.com/github/hub;21115
spaCy;https://github.com/explosion/spaCy;21106
etcher;https://github.com/balena-io/etcher;21075
react-spring;https://github.com/pmndrs/react-spring;21044
iris;https://github.com/kataras/iris;21044
guzzle;https://github.com/guzzle/guzzle;21031
emscripten;https://github.com/emscripten-core/emscripten;21030
awesome-swift;https://github.com/matteocrippa/awesome-swift;21028
ramda;https://github.com/ramda/ramda;21025
kit;https://github.com/go-kit/kit;21020
Signal-Android;https://github.com/signalapp/Signal-Android;21019
commander.js;https://github.com/tj/commander.js;20963
immer;https://github.com/immerjs/immer;20955
NeteaseCloudMusicApi;https://github.com/Binaryify/NeteaseCloudMusicApi;20952
mostly-adequate-guide;https://github.com/MostlyAdequate/mostly-adequate-guide;20929
vimium;https://github.com/philc/vimium;16328
dracula-theme;https://github.com/dracula/dracula-theme;16311
node-lessons;https://github.com/alsotang/node-lessons;16270
react-dnd;https://github.com/react-dnd/react-dnd;16251
jsdom;https://github.com/jsdom/jsdom;16217
litemall;https://github.com/linlinjava/litemall;16216
setup-ipsec-vpn;https://github.com/hwdsl2/setup-ipsec-vpn;16215
tools;https://github.com/rome/tools;16162
awesome-falsehood;https://github.com/kdeldycke/awesome-falsehood;16129
mybatis-3;https://github.com/mybatis/mybatis-3;16094
plaid;https://github.com/nickbutcher/plaid;16092
lowdb;https://github.com/typicode/lowdb;16060
zheng;https://github.com/shuzheng/zheng;16060
awesome-spider;https://github.com/facert/awesome-spider;16020
Tasmota;https://github.com/arendst/Tasmota;15977
diem;https://github.com/diem/diem;15963
statsd;https://github.com/statsd/statsd;15960
anko;https://github.com/Kotlin/anko;15955
tinker;https://github.com/Tencent/tinker;15946
firecracker;https://github.com/firecracker-microvm/firecracker;15887
rxdb;https://github.com/pubkey/rxdb;15886
relay;https://github.com/facebook/relay;15873
iview-admin;https://github.com/iview/iview-admin;15838
reddit;https://github.com/reddit-archive/reddit;15823
fasthttp;https://github.com/valyala/fasthttp;15775
rough;https://github.com/rough-stuff/rough;15774
Vue.Draggable;https://github.com/SortableJS/Vue.Draggable;15770
cat;https://github.com/dianping/cat;15769
nerdtree;https://github.com/preservim/nerdtree;15762
react-demos;https://github.com/ruanyf/react-demos;15753
dva;https://github.com/dvajs/dva;15749
vnpy;https://github.com/vnpy/vnpy;15732
ruby-style-guide;https://github.com/rubocop/ruby-style-guide;15725
TensorFlow-Course;https://github.com/instillai/TensorFlow-Course;15703
material-components-web;https://github.com/material-components/material-components-web;15689
mpv;https://github.com/mpv-player/mpv;15687
awesome-blockchain-cn;https://github.com/chaozh/awesome-blockchain-cn;15684
NativeBase;https://github.com/GeekyAnts/NativeBase;15661
mars;https://github.com/Tencent/mars;15655
pytorch-CycleGAN-and-pix2pix;https://github.com/junyanz/pytorch-CycleGAN-and-pix2pix;15621
rufus;https://github.com/pbatard/rufus;15574
ionicons;https://github.com/ionic-team/ionicons;15556
netron;https://github.com/lutzroeder/netron;15537
harbor;https://github.com/goharbor/harbor;15530
AnotherRedisDesktopManager;https://github.com/qishibo/AnotherRedisDesktopManager;15494
vim-airline;https://github.com/vim-airline/vim-airline;15460
react-helmet;https://github.com/nfl/react-helmet;15434
masonry;https://github.com/desandro/masonry;15430
pydata-book;https://github.com/wesm/pydata-book;15421
CnC_Remastered_Collection;https://github.com/electronicarts/CnC_Remastered_Collection;15405
cocos2d-x;https://github.com/cocos2d/cocos2d-x;15402
tfjs;https://github.com/tensorflow/tfjs;15400
bokeh;https://github.com/bokeh/bokeh;15388
draggable;https://github.com/Shopify/draggable;15377
download;https://github.com/getlantern/download;15373
Carbon;https://github.com/briannesbitt/Carbon;15363
srs;https://github.com/ossrs/srs;15352
xbar;https://github.com/matryer/xbar;15331
ToolsOfTheTrade;https://github.com/cjbarber/ToolsOfTheTrade;15328
pace;https://github.com/CodeByZach/pace;15309
parallax;https://github.com/wagerfield/parallax;15307
nushell;https://github.com/nushell/nushell;15298
zstd;https://github.com/facebook/zstd;15289
theia;https://github.com/eclipse-theia/theia;15285
css-modules;https://github.com/css-modules/css-modules;15282
taichi;https://github.com/taichi-dev/taichi;15259
sqlitebrowser;https://github.com/sqlitebrowser/sqlitebrowser;15253
matomo;https://github.com/matomo-org/matomo;15228
charts;https://github.com/helm/charts;15202
MagicMirror;https://github.com/MichMich/MagicMirror;15191
refined-github;https://github.com/sindresorhus/refined-github;15175
spf13-vim;https://github.com/spf13/spf13-vim;15157
leetcode;https://github.com/haoel/leetcode;15129
nginx-proxy;https://github.com/nginx-proxy/nginx-proxy;15091
bower;https://github.com/bower/bower;15090
core-js;https://github.com/zloirock/core-js;15090
react-native-vector-icons;https://github.com/oblador/react-native-vector-icons;15084
pyspider;https://github.com/binux/pyspider;15079
SwiftLint;https://github.com/realm/SwiftLint;15069
FlutterExampleApps;https://github.com/iampawan/FlutterExampleApps;15069
rocketmq;https://github.com/apache/rocketmq;15068
lectures;https://github.com/oxford-cs-deepnlp-2017/lectures;15038
inferno;https://github.com/infernojs/inferno;15028
pytorch-lightning;https://github.com/PyTorchLightning/pytorch-lightning;15025
pytorch-handbook;https://github.com/zergtant/pytorch-handbook;15022
react-testing-library;https://github.com/testing-library/react-testing-library;15019
git-extras;https://github.com/tj/git-extras;15003
spaceship-prompt;https://github.com/spaceship-prompt/spaceship-prompt;14998
BullshitGenerator;https://github.com/menzi11/BullshitGenerator;14981
dash;https://github.com/plotly/dash;14972
UnblockNeteaseMusic;https://github.com/nondanee/UnblockNeteaseMusic;14970
diagrams;https://github.com/mingrammer/diagrams;14962
awesome-dotnet-core;https://github.com/thangchung/awesome-dotnet-core;14960
java8-tutorial;https://github.com/winterbe/java8-tutorial;14953
best-resume-ever;https://github.com/salomonelli/best-resume-ever;14945
cool-retro-term;https://github.com/Swordfish90/cool-retro-term;14941
Android-CleanArchitecture;https://github.com/android10/Android-CleanArchitecture;14934
zepto;https://github.com/madrobby/zepto;14926
mux;https://github.com/gorilla/mux;14921
3y;https://github.com/ZhongFuCheng3y/3y;14909
editor.js;https://github.com/codex-team/editor.js;16122
python-telegram-bot;https://github.com/python-telegram-bot/python-telegram-bot;16108
core;https://github.com/dotnet/core;16103
react-loadable;https://github.com/jamiebuilds/react-loadable;16094
quick-look-plugins;https://github.com/sindresorhus/quick-look-plugins;16075
zheng;https://github.com/shuzheng/zheng;16060
mmdetection;https://github.com/open-mmlab/mmdetection;16054
awesome-spider;https://github.com/facert/awesome-spider;16020
MS-DOS;https://github.com/microsoft/MS-DOS;15995
yuzu;https://github.com/yuzu-emu/yuzu;15994
Tasmota;https://github.com/arendst/Tasmota;15977
statsd;https://github.com/statsd/statsd;15960
hubot;https://github.com/hubotio/hubot;15946
coffeescript;https://github.com/jashkenas/coffeescript;15937
reactjs-interview-questions;https://github.com/sudheerj/reactjs-interview-questions;15888
firecracker;https://github.com/firecracker-microvm/firecracker;15887
relay;https://github.com/facebook/relay;15873
photoprism;https://github.com/photoprism/photoprism;15872
API-Security-Checklist;https://github.com/shieldfy/API-Security-Checklist;15871
p5.js;https://github.com/processing/p5.js;15861
dropzone;https://github.com/dropzone/dropzone;15857
MeiliSearch;https://github.com/meilisearch/MeiliSearch;15847
TDengine;https://github.com/taosdata/TDengine;15844
iview-admin;https://github.com/iview/iview-admin;15838
SpringCloudLearning;https://github.com/forezp/SpringCloudLearning;15826
Vue.Draggable;https://github.com/SortableJS/Vue.Draggable;15770
cat;https://github.com/dianping/cat;15769
professional-programming;https://github.com/charlax/professional-programming;15764
nerdtree;https://github.com/preservim/nerdtree;15762
dva;https://github.com/dvajs/dva;15749
graal;https://github.com/oracle/graal;15749
vnpy;https://github.com/vnpy/vnpy;15732
ruby-style-guide;https://github.com/rubocop/ruby-style-guide;15725
TensorFlow-Course;https://github.com/instillai/TensorFlow-Course;15703
masscan;https://github.com/robertdavidgraham/masscan;15698
material-components-web;https://github.com/material-components/material-components-web;15689
awesome-blockchain-cn;https://github.com/chaozh/awesome-blockchain-cn;15684
gotty;https://github.com/yudai/gotty;15675
NativeBase;https://github.com/GeekyAnts/NativeBase;15661
modern-unix;https://github.com/ibraheemdev/modern-unix;15638
pytorch-CycleGAN-and-pix2pix;https://github.com/junyanz/pytorch-CycleGAN-and-pix2pix;15621
websocketd;https://github.com/joewalnes/websocketd;15615
streamlit;https://github.com/streamlit/streamlit;15595
HikariCP;https://github.com/brettwooldridge/HikariCP;15575
handsontable;https://github.com/handsontable/handsontable;15546
prisma;https://github.com/prisma/prisma;15546
SwiftGuide;https://github.com/ipader/SwiftGuide;15543
harbor;https://github.com/goharbor/harbor;15530
advanced-go-programming-book;https://github.com/chai2010/advanced-go-programming-book;15513
system-design-interview;https://github.com/checkcheckzz/system-design-interview;15444
masonry;https://github.com/desandro/masonry;15430
pydata-book;https://github.com/wesm/pydata-book;15421
lazysizes;https://github.com/aFarkas/lazysizes;15419
CnC_Remastered_Collection;https://github.com/electronicarts/CnC_Remastered_Collection;15405
cocos2d-x;https://github.com/cocos2d/cocos2d-x;15402
tfjs;https://github.com/tensorflow/tfjs;15400
bokeh;https://github.com/bokeh/bokeh;15388
lens;https://github.com/lensapp/lens;15384
draggable;https://github.com/Shopify/draggable;15377
download;https://github.com/getlantern/download;15373
srs;https://github.com/ossrs/srs;15352
WordPress;https://github.com/WordPress/WordPress;15338
xbar;https://github.com/matryer/xbar;15331
slidev;https://github.com/slidevjs/slidev;15328
ToolsOfTheTrade;https://github.com/cjbarber/ToolsOfTheTrade;15328
pace;https://github.com/CodeByZach/pace;15309
AR.js;https://github.com/jeromeetienne/AR.js;15309
parallax;https://github.com/wagerfield/parallax;15307
nushell;https://github.com/nushell/nushell;15298
zstd;https://github.com/facebook/zstd;15289
theia;https://github.com/eclipse-theia/theia;15285
websocket;https://github.com/gorilla/websocket;15284
css-modules;https://github.com/css-modules/css-modules;15282
lime;https://github.com/limetext/lime;15276
medium-editor;https://github.com/yabwe/medium-editor;15273
annie;https://github.com/iawia002/annie;15267
taichi;https://github.com/taichi-dev/taichi;15259
sqlitebrowser;https://github.com/sqlitebrowser/sqlitebrowser;15253
sanic;https://github.com/sanic-org/sanic;15230
matomo;https://github.com/matomo-org/matomo;15228
Docker-OSX;https://github.com/sickcodes/Docker-OSX;15222
IQKeyboardManager;https://github.com/hackiftekhar/IQKeyboardManager;15221
charts;https://github.com/helm/charts;15202
wttr.in;https://github.com/chubin/wttr.in;15197
jasmine;https://github.com/jasmine/jasmine;15195
pwc;https://github.com/zziz/pwc;15191
MagicMirror;https://github.com/MichMich/MagicMirror;15191
refined-github;https://github.com/sindresorhus/refined-github;15175
learn-go-with-tests;https://github.com/quii/learn-go-with-tests;15134
leetcode;https://github.com/haoel/leetcode;15129
ScreenToGif;https://github.com/NickeManarin/ScreenToGif;15125
nginx-proxy;https://github.com/nginx-proxy/nginx-proxy;15091
bower;https://github.com/bower/bower;15090
react-native-vector-icons;https://github.com/oblador/react-native-vector-icons;15084
pyspider;https://github.com/binux/pyspider;15079
SwiftLint;https://github.com/realm/SwiftLint;15069
labelImg;https://github.com/tzutalin/labelImg;15067
lectures;https://github.com/oxford-cs-deepnlp-2017/lectures;15038
pytorch-lightning;https://github.com/PyTorchLightning/pytorch-lightning;15025
ant-design-vue;https://github.com/vueComponent/ant-design-vue;15022
numpy;https://github.com/numpy/numpy;17956
rustlings;https://github.com/rust-lang/rustlings;17949
DeepSpeech;https://github.com/mozilla/DeepSpeech;17912
corefx;https://github.com/dotnet/corefx;17903
graphql-js;https://github.com/graphql/graphql-js;17884
PhotoView;https://github.com/Baseflow/PhotoView;17871
pumpkin-book;https://github.com/datawhalechina/pumpkin-book;17837
popper-core;https://github.com/popperjs/popper-core;17824
bypass-paywalls-chrome;https://github.com/iamadamdev/bypass-paywalls-chrome;17810
DoraemonKit;https://github.com/didi/DoraemonKit;17803
phpunit;https://github.com/sebastianbergmann/phpunit;17804
celery;https://github.com/celery/celery;17768
SnapKit;https://github.com/SnapKit/SnapKit;17757
jenkins;https://github.com/jenkinsci/jenkins;17727
weekly;https://github.com/ruanyf/weekly;17718
envoy;https://github.com/envoyproxy/envoy;17691
weex;https://github.com/alibaba/weex;17683
REKCARC-TSC-UHT;https://github.com/PKUanonym/REKCARC-TSC-UHT;17670
winston;https://github.com/winstonjs/winston;17649
NES.css;https://github.com/nostalgic-css/NES.css;17631
detectron2;https://github.com/facebookresearch/detectron2;17626
cascadia-code;https://github.com/microsoft/cascadia-code;17592
react-admin;https://github.com/marmelab/react-admin;17592
k3s;https://github.com/k3s-io/k3s;17571
wenyan;https://github.com/wenyan-lang/wenyan;17542
Telegram;https://github.com/DrKLO/Telegram;17530
awesome-deep-learning;https://github.com/ChristosChristofidis/awesome-deep-learning;17529
aos;https://github.com/michalsnik/aos;17517
vux;https://github.com/airyland/vux;17497
skywalking;https://github.com/apache/skywalking;17486
joi;https://github.com/sideway/joi;17485
micro;https://github.com/zyedidia/micro;17469
api-guidelines;https://github.com/microsoft/api-guidelines;17450
postgrest;https://github.com/PostgREST/postgrest;17443
source-code-pro;https://github.com/adobe-fonts/source-code-pro;17443
Boostnote;https://github.com/BoostIO/Boostnote;17440
wekan;https://github.com/wekan/wekan;17432
lede;https://github.com/coolsnowwolf/lede;17415
rancher;https://github.com/rancher/rancher;17394
FileSaver.js;https://github.com/eligrey/FileSaver.js;17393
forem;https://github.com/forem/forem;17304
npm;https://github.com/npm/npm;17297
insomnia;https://github.com/Kong/insomnia;17260
egg;https://github.com/eggjs/egg;17259
eng-practices;https://github.com/google/eng-practices;17226
fish-shell;https://github.com/fish-shell/fish-shell;17222
Public-APIs;https://github.com/n0shake/Public-APIs;17207
bazel;https://github.com/bazelbuild/bazel;17196
spleeter;https://github.com/deezer/spleeter;17186
remote-jobs;https://github.com/remoteintech/remote-jobs;17171
supabase;https://github.com/supabase/supabase;17168
Micro8;https://github.com/Micropoor/Micro8;17149
redisson;https://github.com/redisson/redisson;17146
flux;https://github.com/facebook/flux;17143
n8n;https://github.com/n8n-io/n8n;17140
CS-Interview-Knowledge-Map;https://github.com/InterviewMap/CS-Interview-Knowledge-Map;17140
How-To-Ask-Questions-The-Smart-Way;https://github.com/ryanhanwu/How-To-Ask-Questions-The-Smart-Way;17083
CNTK;https://github.com/microsoft/CNTK;17072
Sentinel;https://github.com/alibaba/Sentinel;17068
SwitchyOmega;https://github.com/FelisCatus/SwitchyOmega;17062
uikit;https://github.com/uikit/uikit;17057
phoenix;https://github.com/phoenixframework/phoenix;17055
velocity;https://github.com/julianshapiro/velocity;17049
coc.nvim;https://github.com/neoclide/coc.nvim;17038
SpaceVim;https://github.com/SpaceVim/SpaceVim;17037
hhvm;https://github.com/facebook/hhvm;17030
bitcoinbook;https://github.com/bitcoinbook/bitcoinbook;17016
Mock;https://github.com/nuysoft/Mock;16990
swoole-src;https://github.com/swoole/swoole-src;16989
RSSHub;https://github.com/DIYgod/RSSHub;16985
ZeroNet;https://github.com/HelloZeroNet/ZeroNet;16974
reinforcement-learning;https://github.com/dennybritz/reinforcement-learning;16973
PHPMailer;https://github.com/PHPMailer/PHPMailer;16964
ray;https://github.com/ray-project/ray;16951
chinese-independent-developer;https://github.com/1c7/chinese-independent-developer;16949
xstate;https://github.com/statelyai/xstate;16945
awesome-datascience;https://github.com/academic/awesome-datascience;16944
Web;https://github.com/qianguyihao/Web;16942
flexbox-layout;https://github.com/google/flexbox-layout;16915
flink;https://github.com/apache/flink;16911
Complete-Python-3-Bootcamp;https://github.com/Pierian-Data/Complete-Python-3-Bootcamp;16910
nvm-windows;https://github.com/coreybutler/nvm-windows;16897
mojs;https://github.com/mojs/mojs;16897
chalk;https://github.com/chalk/chalk;16888
magenta;https://github.com/magenta/magenta;16886
ML-For-Beginners;https://github.com/microsoft/ML-For-Beginners;16855
prisma1;https://github.com/prisma/prisma1;16849
ws;https://github.com/websockets/ws;16847
Android-Universal-Image-Loader;https://github.com/nostra13/Android-Universal-Image-Loader;16841
locust;https://github.com/locustio/locust;16835
ShareX;https://github.com/ShareX/ShareX;16834
recharts;https://github.com/recharts/recharts;16832
cleave.js;https://github.com/nosir/cleave.js;16796
jquery-pjax;https://github.com/defunkt/jquery-pjax;16790
delve;https://github.com/go-delve/delve;16788
go-patterns;https://github.com/tmrts/go-patterns;16787
hosts;https://github.com/kelthuzadx/hosts;16780
Awesome;https://github.com/Awesome-Windows/Awesome;16754
nocodb;https://github.com/nocodb/nocodb;16731
WaveFunctionCollapse;https://github.com/mxgmn/WaveFunctionCollapse;16731
